ds;y;cat_cancelamento;cat_informação;cat_reclamação;cat_troca;cat_preventiva;cat_pré-venda;cat_solicitação;semana;magazine_luiza;shopee;clube_de_compras;mercado_livre;philco;cnova;britânia;infoar;b2w;amazon;philco_club;não_informado;banco_inter;fast;camicado;carrefour;renner;coopera;senff;angeloni;colombo;leroy_merlin;casa_e_vídeo;le_biscuit;livelo;sicredi;magazine_luiza_prime;bradesco
2025-01-24 00:00:00;2437,578857;545,6100464;776,8752441;198,9328003;113,3483658;183,9867096;239,8209534;86,25105286;0,126831278;433,638855;727,3897705;120,1259918;164,0250397;156,70961;31,54660797;118,9850464;54,47159576;7,071255684;19,28093529;78,37503815;197,42099;13,70120239;0,3318654;3,642837524;4,810305119;2,806744814;4,943707943;8,313419342;1,369190693;2,407011747;0,550253987;2,818863392;2,762701035;16,37711906;7,942481995;7,892743587;1,602563381
2025-01-25 00:00:00;949,5664063;108,5518723;438,074707;35,1857872;0;58,86484909;83,51803589;47,75154114;0,995439947;226,792038;303,2041321;46,48461914;15,58201981;58,1563797;8,262375832;41,99473572;7,543261051;0;0;29,49356651;167,5287628;0;0;0,385217965;0;0;0;0,012536001;0;0;0;0;0,527536631;9,159585953;6,764385223;7,503664017;0,776175618
2025-01-26 00:00:00;687,8942261;35,83310699;371,8453979;0;0;48,13950729;54,47161102;39,05059814;0,859123468;140,3051147;196,0787506;43,3391571;10,28327656;51,08797455;0;39,88220215;1,664106131;0;0;26,02395821;166,8010559;0;0;0,394614518;0;0;0;0;0;0;0;0;0,385730892;9,151714325;6,676920414;7,639042854;0,752083063
2025-01-27 00:00:00;3001,036865;677,1380615;917,8353882;223,564209;156,0159607;330,5404053;313,4318237;100,9365234;0;424,5897827;973,9569092;147,6690826;274,6377258;188,1077423;24,90218163;150,4035492;72,01164246;5,22240448;42,45598602;112,5380859;207,988266;24,03938103;1,890741229;5,915746212;9,16437912;4,161023617;6,816329002;10,88603878;2,377185106;3,563769341;2,346822023;3,838454962;3,525372744;18,42363358;8,431418419;8,113200188;2,27897501
2025-01-28 00:00:00;2838,988281;640,0157471;896,7925415;227,482193;141,5186157;277,5039063;281,6227112;98,99261475;0;466,6429138;859,345459;143,2185974;238,1080475;173,1740417;37,37501144;136,9827576;63,41419601;11,54721832;30,83969688;97,29819489;209,5257568;17,36602402;0,661171675;5,618879318;5,591145992;4,232021332;5,83859539;10,74883366;2,056996822;3,050178766;0,827356994;3,48649025;2,972736359;16,53108215;8,327958107;8,089805603;1,771910071
2025-01-29 00:00:00;2725,022705;604,3710327;887,7489624;218,4594116;134,897522;256,4215698;261,6272583;96,48632813;0;449,0993652;841,7120361;141,9872894;218,1355438;165,0644989;39,1941452;133,8484497;56,19397736;10,18314362;24,0041523;95,14563751;208,9387665;16,93592072;1,305146337;5,738461018;4,565909863;4,247128963;6,351390839;8,851608276;1,731465816;2,440346718;1,331364155;3,239302397;2,811898708;17,4522171;8,220902443;8,056406975;1,554439068
2025-01-30 00:00:00;2686,77124;591,4577637;883,0895996;205,7732391;125,5747223;246,4593048;257,9602661;95,42074585;0;438,5627441;839,3833618;145,9924622;233,7837219;164,9940643;33,85501862;131,2141266;53,15938568;5,292594433;15,56714725;92,81918335;208,6544342;15,70181942;0;5,47585535;4,788535595;4,012297153;5,465908527;8,576915741;1,372187853;2,893017769;1,237238407;2,515484333;2,36697793;17,3550396;8,486566544;8,224402428;1,575355649
2025-01-31 00:00:00;2479,921631;530,8720093;834,743042;193,387085;110,930809;166,6170197;250,2540436;90,34786987;0,117207944;407,96521;754,7793579;138,4454346;190,9127502;159,0814819;31,16392517;132,0191956;47,96173096;3,664008141;10,89489269;80,97135162;205,3430939;13,24242592;0;5,212818623;4,24283886;3,630309105;4,627077579;8,392744064;0,735791206;2,559377193;0,15865314;2,561774731;2,589121342;17,07859802;8,297254562;8,308837891;1,624361515
2025-02-01 00:00:00;986;91;497;29;0;41;92;52;1;197;330;65;43;61;8;56;1;0;0;32;175;0;0;2;0;0;0;0;0;0;0;0;0;10;7;8;1
2025-02-02 00:00:00;718;16;432;0;0;29;61;43;1;106;222;61;38;54;0;54;0;0;0;28;174;0;0;2;0;0;0;0;0;0;0;0;0;10;7;8;1
2025-02-03 00:00:00;3025;654;978;217;152;311;319;105;0;386;999;165;302;192;23;165;65;1;35;114;215;24;1;7;9;5;7;11;2;4;2;4;3;19;9;9;2
2025-02-04 00:00:00;2855;614;957;220;137;258;285;102;0;424;882;160;265;177;36;151;56;8;23;99;217;17;0;7;5;5;6;11;1;3;0;3;3;17;9;9;2
2025-02-05 00:00:00;2733;576;947;210;130;236;263;100;0;403;863;159;244;169;37;148;48;6;17;96;216;17;1;7;4;5;6;9;1;3;1;3;3;18;9;8;2
2025-02-06 00:00:00;2686;560;941;196;120;226;258;98;0;388;859;162;258;169;31;145;45;1;8;94;216;16;0;7;4;5;5;9;1;3;1;2;2;18;9;9;2
2025-02-07 00:00:00;2466;495;890;183;105;145;248;93;0;354;771;154;214;162;28;146;39;0;4;81;212;13;0;6;4;4;4;8;0;3;0;2;2;17;9;9;2
2025-02-08 00:00:00;966;53;551;18;0;20;88;54;1;139;345;80;64;64;4;69;0;0;0;32;182;0;0;3;0;1;0;0;0;0;0;0;0;10;8;8;1
2025-02-09 00:00:00;689;0;484;0;0;8;56;45;1;46;235;76;57;57;0;67;0;0;0;28;181;0;0;3;0;1;0;0;0;0;0;0;0;10;7;8;1
2025-02-10 00:00:00;2984;610;1027;203;144;290;311;106;0;323;1008;180;319;194;19;176;56;0;28;114;221;24;1;8;8;6;6;11;1;4;2;3;3;19;9;9;2
2025-02-11 00:00:00;2805;567;1003;205;129;237;276;104;0;358;890;174;280;179;31;162;47;2;17;98;222;17;0;8;4;6;5;11;1;4;0;3;2;17;9;9;2
2025-02-12 00:00:00;2673;525;989;194;121;216;253;101;0;334;868;172;257;170;32;158;39;0;11;95;221;17;0;8;3;6;6;9;0;3;1;3;2;18;9;9;2
2025-02-13 00:00:00;2617;507;980;179;111;206;246;99;0;318;861;175;269;169;27;154;36;0;3;92;220;16;0;8;4;5;5;9;0;4;1;2;2;18;9;9;2
2025-02-14 00:00:00;2389;439;926;164;95;126;235;93;0;282;771;167;221;162;23;153;30;0;0;79;216;13;0;7;3;5;4;8;0;3;0;2;2;17;9;9;2
2025-02-15 00:00:00;877;0;582;0;0;1;74;54;1;66;341;92;69;63;0;75;0;0;0;30;186;0;0;4;0;2;0;0;0;0;0;0;0;10;8;9;1
2025-02-16 00:00:00;593;0;511;0;0;0;40;45;1;0;229;87;59;56;0;72;0;0;0;26;185;0;0;4;0;2;0;0;0;0;0;0;0;10;8;9;1
2025-02-17 00:00:00;2885;548;1051;181;133;273;295;106;0;248;1002;191;319;192;14;180;46;0;23;111;225;24;0;9;7;6;6;11;0;5;2;3;3;19;9;9;3
2025-02-18 00:00:00;2696;503;1023;182;117;220;259;103;0;283;880;185;276;176;26;165;37;0;12;95;226;17;0;8;4;6;5;11;0;4;0;3;2;17;9;9;2
2025-02-19 00:00:00;2558;459;1006;170;109;199;235;100;0;259;856;182;250;166;27;159;30;0;6;92;224;17;0;8;3;6;6;9;0;4;1;3;2;18;9;9;2
2025-02-20 00:00:00;2497;440;993;154;98;191;227;98;0;243;847;185;260;165;21;154;27;0;0;89;223;15;0;8;3;6;5;8;0;4;1;2;1;17;9;9;2
2025-02-21 00:00:00;2267;372;935;139;82;112;216;92;0;207;756;176;210;157;18;152;21;0;0;77;219;13;0;7;2;6;4;8;0;4;0;2;2;17;9;9;2
2025-02-22 00:00:00;754;0;589;0;0;0;55;53;1;0;325;101;55;57;0;73;0;0;0;27;189;0;0;4;0;2;0;0;0;1;0;0;0;9;8;9;1
2025-02-23 00:00:00;468;0;514;0;0;0;22;43;1;0;211;96;43;49;0;68;0;0;0;23;187;0;0;4;0;2;0;0;0;1;0;0;0;9;8;9;1
2025-02-24 00:00:00;2757;480;1051;156;120;261;277;104;0;177;983;199;301;185;9;176;38;0;20;109;227;23;0;9;7;7;6;11;0;5;2;3;2;18;10;9;3
2025-02-25 00:00:00;2573;436;1021;158;104;210;241;101;0;214;861;193;257;168;21;160;30;0;10;93;228;17;0;8;3;7;5;10;0;5;0;3;2;16;9;9;2
2025-02-26 00:00:00;2438;394;1002;146;96;191;218;98;0;192;837;191;229;159;23;154;23;0;4;90;227;16;0;8;2;7;6;9;0;4;1;3;2;17;9;9;2
2025-02-27 00:00:00;2380;376;987;132;86;183;211;96;0;179;829;193;237;157;17;148;20;0;0;87;225;15;0;8;3;7;5;8;0;5;1;2;1;17;10;9;2
2025-02-28 00:00:00;2156;310;929;118;70;105;201;90;0;146;738;185;187;149;14;145;15;0;0;75;221;12;0;7;2;6;4;8;0;5;0;2;1;16;9;9;2
2025-03-01 00:00:00;646,7384644;0;581,3591309;0;0;0;40,26287842;50,38111115;0,941935003;0;307,4844666;109,5710907;30,73355865;49,75901794;0;65,35521698;0;0;0;25,04503632;190,5529938;0;0;3,481321812;0;3,26478076;0;0;0;1,12915194;0;0;0;8,792291641;8,065076828;8,82539463;1,597051024
2025-03-02 00:00:00;367,2561951;0;506,2553711;0;0;0;7,777448654;40,79207611;0,80483973;0;194,5518188;105,200676;18,04145622;41,57184219;0;60,38480759;0;0;0;20,96497154;188,9909515;0;0;3,203944206;0;3,329663754;0;0;0;1,010263205;0;0;0;8,603809357;7,939163208;8,912936211;1,598923206
2025-03-03 00:00:00;2663,521484;424,7830505;1042,923218;137,9660645;108,9975052;257,8875122;263,5744019;101,7954102;0;123,8335342;966,5595703;208,3159332;274,7883606;177,3584442;6,598959923;167,8602753;33,13066101;0;19,09682274;106,9009171;229,3521881;22,37659645;0,094215102;8,435647964;6,593540192;7,828386307;6,149327278;10,42004871;0;5,802827835;1,655691028;3,234663486;2,214049339;17,69834709;9,65254879;9,338151932;3,147660494
2025-03-04 00:00:00;2486,877441;383,6539001;1012,481384;141,0401917;93,51486969;207,3029633;229,0215454;99,00657654;0;163,7921143;846,3276367;202,7579193;230,5642548;161,2077942;18,9810009;151,3508911;25,02463341;0;8,692038536;91,15584564;230,1057281;15,6048069;0;7,853947639;3,081633329;7,950842857;5,225583076;10,24113941;0;5,307507992;0,22398068;2,903045416;1,678087592;15,64465046;9,506318092;9,26580143;2,659183979
2025-03-05 00:00:00;2360,977295;344,9716797;994,1212158;131,5389557;86,07730865;188,998703;206,7519226;95,70908356;0;145,3484802;823,5770264;200,5063324;202,96698;151,8938141;20,82654572;145,0780029;18,42526436;0;3,095737696;88,58348846;228,7749329;15,0591507;0;7,693603516;2,125228405;8,027887344;5,791874409;8,30490303;0;4,706721306;0,816981018;2,673193216;1,539712906;16,41345215;9,355330467;9,183394432;2,456795216
2025-03-06 00:00:00;2313,123047;329,9101868;980,2449341;118,6969223;76,07471466;182,0033417;201,1972198;93,89284515;0;134,9217529;816,5893555;203,6159058;211,103241;150,6548615;15,61274529;139,2940521;16,11384583;0;0;85,91739655;227,7888031;13,69716644;0;7,157915592;2,424726486;7,866434097;4,961479187;7,987490654;0;5,158978939;0,81670773;1,961678743;1,122236609;16,18231964;9,576835632;9,303185463;2,488636494
2025-03-07 00:00:00;2094,993408;266,9311218;921,9310913;106,1545334;60,58492661;104,6984024;191,5705414;88,01098633;0,06268926;105,0296021;726,2354126;195,084671;160,3712158;143,3824005;13,12459755;136,7879944;11,62629795;0;0;73,6253891;223,7511292;11,03629971;0;6,620781422;1,939698935;7,561281681;4,16065073;7,745810986;0;4,805841923;0;2,010624886;1,372539043;15,76441574;9,339787483;9,339805603;2,54160285
2025-03-08 00:00:00;598,9624023;0;576,2388306;0;0;0;32,74378586;48,76119995;0,93047148;0;298,1890259;120,6670761;5,456598282;44,43971252;0;57,4582634;0;0;0;24,30935669;193,169281;0;0;3,092830658;0;4,513366222;0;0;0;1,371725202;0;0;0;8,408054352;8,127923012;8,908776283;1,7282722
2025-03-09 00:00:00;327,1599426;0;502,0713196;0;0;0;1,05928123;39,24257278;0,794950724;0;186,0209808;116,6524048;0;36,71994781;0;52,73062515;0;0;0;20,29454041;191,7166595;0;0;2,827720881;0;4,63759613;0;0;0;1,212691307;0;0;0;8,256069183;8,002727509;9,001206398;1,710556507
2025-03-10 00:00:00;2637,452393;393,4382629;1041,325928;133,0079041;101,3966827;259,4453735;258,3064575;100,4840088;0;93,13476563;960,8605957;220,447876;251,1878967;173,4250641;6,823842525;160,8521423;31,44556046;0;19,88477325;106,5320892;232,3144073;21,07728386;0,318801671;8,092738152;6,579498768;9,209980011;6,208076954;10,24468994;0;5,979464531;1,938282251;3,066628456;2,232450962;17,41740799;9,72341156;9,43411541;3,24362731
2025-03-11 00:00:00;2471,716309;356,1304321;1012,956543;138,2007904;86,50249481;209,2667847;224,8062592;97,86190033;0;136,2055206;842,4369507;215,4353027;208,0223541;158,0393982;19,6048851;144,9082947;23,7992115;0;9,720534325;90,94897461;233,2575073;14,26838207;0;7,542146683;3,109616995;9,400078773;5,29002285;10,08089542;0;5,451034546;0,525991857;2,720035553;1,722920179;15,41954708;9,583316803;9,369644165;2,736587048
2025-03-12 00:00:00;2356,099121;321,1172791;996,7403564;130,7705078;79,60948944;191,138443;203,4555664;94,72189331;0;120,7034988;821,2175293;213,723526;181,5558929;149,5091705;21,8314209;139,2646484;17,62527657;0;4,333308697;88,4938736;232,1190491;13,68266201;0;7,417220592;2,190897942;9,544513702;5,860098839;8,158896446;0;4,816408634;1,135310173;2,474250555;1,609829903;16,24454498;9,439515114;9,296285629;2,514733315
2025-03-13 00:00:00;2318,611572;309,7406006;985,2381592;119,9852905;70,16151428;184,3036804;198,7738342;93,07616425;0;113,1372604;815,892334;217,3819275;190,9937439;149,0851135;16,97738838;134,1707153;15,72463703;0;0;85,93854523;231,3302917;12,28797054;0;6,921842575;2,528549671;9,450199127;5,033526897;7,85520792;0;5,23555088;1,151128054;1,745934248;1,216545939;16,07033539;9,66974926;9,425827026;2,526990175
2025-03-14 00:00:00;2111,760986;250,6931458;929,7005615;109,5640945;55,31079865;107,2273331;190,0777435;87,39904785;0,051409796;86,09195709;727,6176147;209,444458;141,7888336;142,7128906;14,83479404;132,4632874;11,66143417;0;0;73,78754425;227,5095215;9,617043495;0;6,431923389;2,087311506;9,213541985;4,241492748;7,631020069;0;4,851911068;0,174209878;1,779881954;1,491918921;15,71570683;9,443221092;9,472892761;2,561183453
2025-03-15 00:00:00;625,4264526;0;586,6055908;0;0;0;31,93799973;48,32369232;0,919256389;0;301,0900269;135,5719299;0;44,61741638;0;53,92710876;0;0;0;24,53684807;197,1295929;0;0;2,95249486;0;6,23134613;0;0;0;1,386279106;0;0;0;8,418008804;8,242452621;9,052867889;1,728224754
2025-03-16 00:00:00;365,9185181;0;515,7971802;0;0;0;1,181982279;39,05688858;0,782269955;0;191,3584442;132,234375;0;37,93507004;0;50,17729187;0;0;0;20,68769455;195,9336395;0;0;2,746176958;0;6,425991058;0;0;0;1,204041481;0;0;0;8,337397575;8,13168335;9,157405853;1,693377495
2025-03-17 00:00:00;2681,609375;387,2488403;1057,021362;141,9165497;97,63813019;261,4958801;258,5400085;100,386528;0;81,33065033;966,4587402;236,3809967;237,2077637;175,2632599;9,369585037;158,9812927;32,47771072;0;21,98056412;106,8102112;236,664978;19,60966682;0,577355981;8,05723381;6,826057434;11,05365753;6,302610874;10,16640091;0;5,933909893;2,325433254;2,784783363;2,41341567;17,5406456;9,862449646;9,60110569;3,2049191
2025-03-18 00:00:00;2523,887451;352,9425049;1031,387451;148,7057343;83,1979599;211,03302;225,3942719;97,93171692;0;126,4208527;849,3148193;231,8444366;195,6972504;160,6731873;22,36066246;143,8834839;25,10178375;0;11,92070484;91,21975708;237,7889404;12,79531193;0;7,562150478;3,385091782;11,3034935;5,388415337;10,01108742;0;5,377464771;0,922028244;2,42051506;1,920404196;15,59538364;9,73585701;9,548190117;2,679306507
2025-03-19 00:00:00;2415,758057;320,7915344;1017,909668;142,7511749;76,75028229;192,510849;204,3031769;94,95840454;0;112,7504959;829,256897;230,5925751;170,8897552;152,928299;24,7647438;139,1096344;19,17415428;0;6,630921841;88,73690033;236,8291168;12,21481228;0,180623621;7,495010376;2,493999004;11,50550365;5,964738369;8,098451614;0;4,716875076;1,538610816;2,158831835;1,822977662;16,47374535;9,606132507;9,486427307;2,439767838
2025-03-20 00:00:00;2384,837158;312,005188;1009,06842;133,2664642;67,70450592;185,1757965;199,7424316;93,46868896;0;106,7977219;824,890564;234,667572;181,9664917;153,2404327;20,04991722;134,8731079;17,48192215;0;0;86,12133026;236,2050171;10,82929897;0;7,057875633;2,85562706;11,46552277;5,144144535;7,802227497;0;5,11154604;1,559382439;1,415035486;1,443147182;16,34937859;9,850728989;9,627347946;2,435078621
2025-03-21 00:00:00;2185,239746;255,752243;956,4678345;124,1122818;53,33203506;107,7101364;191,1802368;87,97883606;0,039621249;81,36231995;737,8312988;227,1902466;134,5797424;147,65271;18,02953148;134,0765228;13,63755798;0;0;73,93921661;232,5718384;8,190566063;0;6,629739285;2,441156387;11,28307724;4,364085674;7,592896938;0;4,709602833;0,588080406;1,436732054;1,731188059;16,04840088;9,640404701;9,685988426;2,453960896
2025-03-22 00:00:00;700,6407471;0;615,1195068;0;0;0;32,59608078;48,96201324;0,909212589;0;310,9760132;153,4917603;0;49,98180771;0;56,19178009;0;0;0;24,45958328;202,2634583;0;0;3,200735807;0;8,341693878;0;0;0;1,216478586;0;0;0;8,777770996;8,451721191;9,275604248;1,604424238
2025-03-23 00:00:00;444,9763184;0;546,647522;0;0;0;1,588747025;39,82194519;0,772324324;0;201,7283936;150,4209137;0;43,84431839;0;53,20578766;0;0;0;20,4733181;201,1802368;0;0;3,050738096;0;8,579015732;0;0;0;1,015540123;0;0;0;8,734003067;8,355408669;9,389940262;1,555989027
2025-03-24 00:00:00;2763,534912;396,7013855;1090,053589;158,3215027;96,28003693;259,5448608;258,5674133;101,2650375;0;79,20609283;977,125;254,7733307;234,187973;181,6485901;12,58557034;162,7357788;34,66117477;0;24,38832092;106,4331665;242,0035706;18,21929169;0,624851048;8,416550636;7,207966805;13,24516678;6,431005955;10,11845589;0;5,728792667;2,730104685;2,39651823;2,667882442;17,96912575;10,10042;9,842821121;3,055269957
2025-03-25 00:00:00;2607,321289;363,4603577;1066,314331;165,3641357;82,01773834;208,1976166;224,9007263;98,90307617;0;124,837883;859,9212646;250,3763885;193,9764709;167,4302826;25,51537895;148,294693;27,30492401;0;14,2941618;90,64286804;243,1974182;11,43625736;0;7,973275661;3,772033691;13,52817249;5,522657394;9,960829735;0;5,157346725;1,320286751;2,021620989;2,176536798;16,05098724;9,987194061;9,798085213;2,518693924
2025-03-26 00:00:00;2499,061768;331,8752136;1054,399658;159,3599548;75,64886475;188,7317505;203,0882874;95,99061584;0;111,4234924;839,4859619;249,1787872;170,3454437;159,9279938;27,80479622;144,0755463;21,3372345;0;8,919041634;87,9206543;242,2702942;10,88389492;0,127485558;7,95319128;2,879968882;13,75764561;6,101878643;8,038393974;0;4,483142376;1,929072618;1,747789979;2,076386452;16,94858551;9,870345116;9,743494034;2,269207001
2025-03-27 00:00:00;2468,946533;323,8511353;1047,356323;149,8128662;66,79703522;180,6965027;197,9537048;94,60366821;0;105,8289337;835,249939;253,2898254;182,6737366;160,4859772;22,96656609;140,4111786;19,63494873;0;1,960082412;85,11631012;241,6808472;9,551517487;0;7,564164639;3,24556303;13,74280167;5,288796902;7,741071701;0;4,869146824;1,941525698;0,997689664;1,694672942;16,83992004;10,12779808;9,890478134;2,25778079
2025-03-28 00:00:00;2267,962158;267,7303467;996,039856;140,2430267;52,48110962;102,319725;188,5783844;89,16864777;0,030005977;80,41534424;747,6976929;245,7467346;136,2927551;154,9875793;20,77309608;140,0653229;15,70900917;0;0;72,68341064;238,0430298;6,955799103;0;7,177563667;2,825369596;13,57853889;4,512927532;7,523248672;0;4,458877087;0,95818007;1,012374043;1,976700544;16,5469799;9,928830147;9,95412159;2,270657301
2025-03-29 00:00:00;779,8946533;0;655,4761353;0;0;0;28,95947456;50,1631012;0,900034666;0;319,775116;171,8618164;0;57,241436;0;62,4977417;0;0;0;22,89176941;207,6869507;0;0;3,783062696;0;10,64812088;0;0;0;0,957697868;0;0;0;9,271889687;8,749951363;9,547512054;1,415937901
2025-03-30 00:00:00;521,826355;0;587,9998779;0;0;0;0;41,07304764;0,762866557;0;210,0332947;168,6157837;0;51,04931259;0;59,8562851;0;0;0;18,66555405;206,5632019;0;0;3,667714596;0;10,89460754;0;0;0;0,754469037;0;0;0;9,22827816;8,663496017;9,664567947;1,365781069
2025-03-31 00:00:00;2835,871338;407,0965271;1131,857544;171,8198853;95,32720947;251,3564453;253,0090179;102,5231247;0;77,40634155;984,3773193;272,6725769;238,0858612;188,6121674;14,61335659;169,5709534;36,29010391;0;26,21820259;104,3273315;247,3006439;17,12291718;0,270020187;9,059898376;7,549479485;15,56198692;6,58656168;10,01261139;0;5,465353489;3,05092454;1,959783196;2,880646229;18,45049858;10,41646767;10,1186142;2,864227295
2025-04-01 00:00:00;2674,63623;372,7871399;1108,407471;177,5774078;80,97154236;199,1871033;218,2634277;100,1626816;0;122,5490646;866,1672363;267,9061584;198,3786774;174,0693512;27,24806786;155,2444153;28,73492241;0;15,98786736;88,24810791;248,3835754;10,39126492;0;8,638020515;4,093074799;15,84100056;5,67810154;9,839756012;0;4,893946648;1,621890187;1,583462119;2,373697758;16,51250076;10,31024361;10,07388878;2,328779221
2025-04-02 00:00:00;2560,585205;339,8861084;1096,49939;170,1147766;74,49098969;178,8428345;195,36409;97,2414093;0;108,5728149;844,4767456;266,2727051;175,0503693;166,1506805;29,23312569;151,06987;22,55423355;0;10,48539162;85,22663116;247,3289948;9,890852928;0;8,63412571;3,176099777;16,0617218;6,257416248;7,905743122;0;4,221838951;2,207385778;1,312417984;2,257527351;17,38429642;10,19865227;10,01796627;2,082410097
2025-04-03 00:00:00;2523,44873;330,1560059;1089,108154;158,8417206;65,44863892;169,9550629;189,035553;95,81773376;0;102,236351;838,8394775;269,8699341;187,5473175;166,1665344;24,0504055;147,3340302;20,59271049;0;3,354491234;82,1144104;246,576767;8,608178139;0;8,253772736;3,512724638;16,03137207;5,442099094;7,588863373;0;4,611098289;2,197397709;0,563652992;1,855996609;17,24522781;10,4601984;10,16248417;2,075305462
2025-04-04 00:00:00;2313,713623;271,7633667;1036,934204;147,2961884;50,84827423;90,65179443;178,3804169;90,30888367;0,022734106;75,90261078;749,5228882;261,6598511;141,0226746;159,9580383;21,48537827;146,785553;16,36110878;0;0;69,33506012;242,7223511;6,049513817;0;7,867373466;3,056255817;15,84344196;4,657696247;7,345920563;0;4,202111244;1,187189817;0,580510259;2,116289616;16,90785408;10,26235104;10,22184372;2,09402895
2025-04-05 00:00:00;820,8640137;0;696,3248291;0;0;0;17,94273758;51,33748627;0,891240299;0;321,1277161;187,2844086;0;61,69956207;0;69,15277863;0;0;0;19,37314796;212,2265015;0;0;4,477292061;0;12,8941288;0;0;0;0,714914143;0;0;0;9,604914665;9,087237358;9,810987473;1,249197245
2025-04-06 00:00:00;551,1273804;0;627,1099243;0;0;0;0;42,10828018;0,756018937;0;208,8018646;183,1697083;0;54,50803757;0;66,04735565;0;0;0;14,73149395;210,8194275;0;0;4,344483376;0;13,10289955;0;0;0;0,512298346;0;0;0;9,496974945;8,997859001;9,92124176;1,206086397
2025-04-07 00:00:00;2860,52417;405,5723572;1170,677979;172,8980255;93,33997345;238,203125;239,8759918;103,6003113;0;71,03058624;982,9436035;286,6581116;242,6094818;191,4750519;14,27371979;175,6171722;36,19255447;0;27,08605385;100,2881088;251,3944244;16,41813469;0;9,73146534;7,689253807;17,74425316;6,728856564;9,806170464;0;5,242000103;3,206758022;1,55929935;2,957094669;18,68599701;10,75218773;10,3690834;2,718718529
2025-04-08 00:00:00;2690,912842;368,9234619;1145,973145;176,3829498;78,79266357;185,6576996;204,1636505;101,1895599;0;115,4980621;863,4884644;281,0897217;202,5378265;176,0382538;26,5411396;160,8861237;28,34814453;0;16,72719193;83,98292542;252,229187;9,741995811;0;9,288965225;4,195185184;17,98365593;5,812594414;9,62023735;0;4,682461739;1,75056541;1,194853187;2,425961733;16,69177628;10,64328003;10,31636047;2,196243763
2025-04-09 00:00:00;2569,395752;333,8889465;1132,888306;166,6897888;72,20513916;165,1439972;180,4851685;98,24197388;0;100,9973221;840,9672852;278,653656;178,8535461;167,2374115;28,17363167;156,3086243;21,90903854;0;11,14412022;80,7963562;250,9297485;9,310736656;0;9,261250496;3,245079994;18,1628685;6,386958122;7,678809643;0;4,025029659;2,311020374;0,939408064;2,287105322;17,50921059;10,52828693;10,25174236;1,96491313
2025-04-10 00:00:00;2522,291992;321,3354187;1123,560181;152,9255676;62,87651443;155,751297;173,17276;96,72297668;0;93,91505432;833,4753418;281,3211365;190,5869141;166,2093048;22,6343441;152,0276489;19,62130356;0;3,871391058;77,43530273;249,8958893;8,062936783;0;8,845854759;3,533219576;18,08343887;5,557692051;7,350666046;0;4,426147461;2,268503428;0,205404997;1,860275269;17,30458832;10,78347015;10,38682175;1,972243071
2025-04-11 00:00:00;2304,22998;260,4872131;1069,722778;138,9979706;48,11407089;76,32616425;161,8186188;91,1628418;0,014666602;67,09028625;743,0921631;272,2016907;143,4354553;158,9896851;19,73459053;150,9455872;15,11120605;0;0,270955414;64,50170898;245,7681122;5,556130886;0;8,421819687;3,036289215;17,84492874;4,76213932;7,101861954;0;4,032069206;1,230200052;0,239859402;2,096805811;16,90371132;10,57905579;10,43596745;2,007570028
2025-04-12 00:00:00;804,3486938;0;727,5997925;0;0;0;0,910417199;52,17057419;0,882910848;0;314,124176;196,9351044;0;59,7728653;0;72,81118011;0;0;0;14,45738792;215,0120697;0;0;4,991698265;0;14,84355545;0;0;0;0,562412739;0;0;0;9,541898727;9,396927834;10,01462555;1,181161642
2025-04-13 00:00:00;529,1367188;0;657,0581665;0;0;0;0;42,95462799;0,746527076;0;201,685791;191,9780579;0;51,70014191;0;69,23748016;0;0;0;9,811770439;213,3707733;0;0;4,816627502;0;15,0002203;0;0;0;0,382072747;0;0;0;9,377621651;9,301056862;10,11460876;1,158094525
2025-04-14 00:00:00;2828,638184;387,4724121;1198,187866;157,7279358;90,32329559;224,1923523;221,983551;104,3433456;0;61,44091797;974,2878418;294,3776245;242,8721619;187,487442;11,64559364;178,1028442;34,20118332;0;27,42433739;95,20135498;253,6233521;16,08478928;0;10,14531708;7,553717136;19,57637215;6,796441555;9,567942619;0;5,122076035;3,169472218;1,283244014;2,872612953;18,49159241;11,04353237;10,55070114;2,687841415
2025-04-15 00:00:00;2651,581055;348,5168152;1171,432251;158,9704132;75,67447662;171,8150635;185,9852905;101,884964;0;105,7895966;854,0181885;287,8209229;201,9014893;171,0163116;23,6650219;162,7615967;26,11703491;0;17,05668068;78,83942413;254,1799774;9,447041512;0;9,645266533;4,017911434;19,75361252;5,863232613;9,389072418;0;4,578600407;1,685563564;0,942200184;2,321267843;16,43163872;10,92386055;10,48669147;2,184452057
2025-04-16 00:00:00;2523,83667;311,451355;1156,471558;147,1784058;69,05382538;151,7615967;162,2404938;98,91703033;0;91,3875885;831,2229004;284,4075623;177,4295044;161,222168;25,07892609;157,5822144;19,47042465;0;11,4982605;75,66262817;252,6113892;9,056321144;0;9,556391716;3,0306952;19,867939;6,419284344;7,45828104;0;3,938056469;2,221418142;0,710411191;2,163271666;17,18379021;10,79792213;10,41071033;1,972862959
2025-04-17 00:00:00;2471,968018;297,2507324;1145,497925;131,5228729;59,79369736;143,0008545;155,0932465;97,40808105;0;84,62161255;823,9223022;286,1416321;188,4548645;159,2912598;19,3618145;152,7640228;17,02136803;0;4,305498123;72,3761673;251,330307;7,858509541;0;9,078759193;3,287907124;19,72362328;5,574147701;7,148125648;0;4,357354164;2,157328367;0,00299567;1,720547438;16,92038345;11,04216194;10,53482151;2,000725508
2025-04-18 00:00:00;2250,722168;235,2388;1090,240356;115,9391937;45,19884491;64,36292267;144,1023712;91,88869476;0,005198821;58,3785553;734,0145874;276,1715088;140,7107544;151,290451;16,33735466;151,2170868;12,40033531;0;0,836873949;59,57556152;246,9976807;5,407502174;0;8,591684341;2,764096022;19,42202568;4,765851974;6,929506779;0;3,984447002;1,0995543;0,066744626;1,944039464;16,46896172;10,82755184;10,5739193;2,056614161
2025-04-19 00:00:00;744,9261475;0;745,9584351;0;0;0;0;52,8595047;0,874707282;0;304,749115;199,8802643;0;51,12010956;0;72,48059082;0;0;0;9,573835373;215,9712219;0;0;5,087516308;0;16,34779549;0;0;0;0,526237607;0;0;0;9,043264389;9,631326675;10,14173222;1,248982906
2025-04-20 00:00:00;467,0238647;0;673,9140015;0;0;0;0;43,67983627;0,737902343;0;192,9002228;194,0568085;0;42,3223877;0;68,47092438;0;0;0;5,090523243;214,12854;0;0;4,842328072;0;16,4366169;0;0;0;0,362647235;0;0;0;8,831546783;9,523434639;10,23225975;1,245597601
2025-04-21 00:00:00;2762,549316;357,6713562;1213,16333;129,9203033;87,54528809;214,2634125;205,4946289;105,0646667;0;54,31906509;965,6852417;295,5113831;237,6259003;177,2966003;7,983748913;176,787262;31,06380081;0;28,31320381;90,59316254;254,151413;15,98667717;0;10,0924921;7,181647778;20,93887711;6,724423409;9,467583656;0;5,11485815;2,9753685;1,186453342;2,684000492;17,88574409;11,25290298;10,65896225;2,792765856
2025-04-22 00:00:00;2584,373535;318,0680542;1185,097046;130,1137085;73,12689209;162,8067322;170,3359833;102,6638184;0;99,59846497;846,3414917;288,1564941;196,0290222;160,2511444;20,01203537;161,0962067;22,93340302;0;18,15673256;74,45011902;254,5440369;9,377206802;0;9,518762589;3,624746799;21,04675865;5,771371841;9,329189301;0;4,586243629;1,476464033;0,874924898;2,128396273;15,78720093;11,121171;10,58696079;2,307592392
2025-04-23 00:00:00;2455,089355;280,250946;1168,689575;117,3372421;66,66613007;143,5643616;147,3889465;99,73004913;0;86,06921387;824,2129517;283,9447327;170,8885651;149,9048462;21,45341301;155,5686493;16,22141838;0;12,78448772;71,46974945;252,8127289;8,99515152;0;9,352208138;2,612921953;21,08985138;6,302513599;7,436509132;0;3,957746506;1,997531891;0,669355989;1,966150403;16,50216484;10,98295689;10,50396633;2,112281322
